movie_name,summary_rows,unique_edges,avg_summary_chars
amadeus,209,57,1308.421052631579
an officer and a gentleman,154,30,1324.8376623376623
dead poets society,133,46,1303.796992481203
gladiator,61,28,1291.4098360655737
the godfather,68,37,1291.5
titanic,83,33,1300.4096385542168
__total__,708,231,1307.093220338983
