target,split,label,accuracy,precision,recall,f1,macro_f1,weighted_f1,support
final_power_dynamic,val,__overall__,0.7008928571428571,,,0.6349115628652359,0.6349115628652359,0.7049374219827689,224
final_power_dynamic,val,listener_higher_power,,0.46296296296296297,0.5813953488372093,0.5154639175257731,,,43
final_power_dynamic,val,roughly_equal_power,,0.8717948717948718,0.8360655737704918,0.8535564853556485,,,122
final_power_dynamic,val,speaker_higher_power,,0.5660377358490566,0.5084745762711864,0.5357142857142857,,,59
final_power_dynamic,test,__overall__,0.6833333333333333,,,0.6055439013127515,0.6055439013127515,0.6845242562174285,300
final_power_dynamic,test,listener_higher_power,,0.45454545454545453,0.5172413793103449,0.4838709677419355,,,58
final_power_dynamic,test,roughly_equal_power,,0.8580246913580247,0.8475609756097561,0.852760736196319,,,164
final_power_dynamic,test,speaker_higher_power,,0.5,0.46153846153846156,0.48,,,78
