target,split,label,accuracy,precision,recall,f1,macro_f1,weighted_f1,support
final_respect_level,val,__overall__,0.7591623036649214,,,0.6210542322960686,0.6210542322960686,0.7612255945113672,191
final_respect_level,val,high_respect,,0.5365853658536586,0.6285714285714286,0.5789473684210527,,,35
final_respect_level,val,low_respect,,0.4666666666666667,0.4117647058823529,0.4375,,,17
final_respect_level,val,neutral_respect,,0.8592592592592593,0.8345323741007195,0.8467153284671532,,,139
final_respect_level,test,__overall__,0.7875647668393783,,,0.6873058204478926,0.6873058204478926,0.7808177238306518,193
final_respect_level,test,high_respect,,0.6,0.6176470588235294,0.6086956521739131,,,34
final_respect_level,test,low_respect,,0.7368421052631579,0.4827586206896552,0.5833333333333334,,,29
final_respect_level,test,neutral_respect,,0.841726618705036,0.9,0.8698884758364313,,,130
