final_power_dynamic,n,social_labels_only_wins,graph_guided_wins,ties,decided,social_labels_only_win_rate_all,graph_guided_win_rate_all,graph_guided_win_rate_decided,net_preference_graph_guided_minus_social_labels_only,issue_focus_observed_rate,graph_guided_win_rate_all_ci_low,graph_guided_win_rate_all_ci_high,net_preference_graph_guided_minus_social_labels_only_ci_low,net_preference_graph_guided_minus_social_labels_only_ci_high
roughly_equal_power,226,77,141,8,218,0.3407079646017699,0.6238938053097345,0.6467889908256881,0.2831858407079646,1.0,0.5619469026548672,0.6858407079646017,0.16371681415929204,0.40707964601769914
speaker_higher_power,135,46,89,0,135,0.34074074074074073,0.6592592592592592,0.6592592592592592,0.31851851851851853,1.0,0.5777777777777777,0.7333333333333333,0.15555555555555556,0.4666666666666667
listener_higher_power,93,27,63,3,90,0.2903225806451613,0.6774193548387096,0.7,0.3870967741935484,0.978494623655914,0.5913978494623656,0.7634408602150538,0.20430107526881722,0.5591397849462365
