criterion,n,social_labels_only_wins,graph_guided_wins,ties,decided,social_labels_only_win_rate_all,graph_guided_win_rate_all,graph_guided_win_rate_decided,net_preference_graph_guided_minus_social_labels_only
meaning_accuracy,454,61,120,273,181,0.1343612334801762,0.2643171806167401,0.6629834254143646,0.1299559471365639
social_relationship,454,126,239,89,365,0.2775330396475771,0.526431718061674,0.6547945205479452,0.2488986784140969
register_tone,454,146,289,19,435,0.32158590308370044,0.6365638766519823,0.664367816091954,0.31497797356828194
fluency,454,101,214,139,315,0.22246696035242292,0.4713656387665198,0.6793650793650794,0.2488986784140969
