final_respect_level,n,social_labels_only_wins,graph_guided_wins,ties,decided,social_labels_only_win_rate_all,graph_guided_win_rate_all,graph_guided_win_rate_decided,net_preference_graph_guided_minus_social_labels_only,issue_focus_observed_rate,graph_guided_win_rate_all_ci_low,graph_guided_win_rate_all_ci_high,net_preference_graph_guided_minus_social_labels_only_ci_low,net_preference_graph_guided_minus_social_labels_only_ci_high
neutral_respect,244,85,150,9,235,0.3483606557377049,0.6147540983606558,0.6382978723404256,0.26639344262295084,0.9959016393442623,0.5532786885245902,0.6721311475409836,0.14754098360655737,0.38114754098360654
high_respect,106,29,75,2,104,0.27358490566037735,0.7075471698113207,0.7211538461538461,0.4339622641509434,1.0,0.6226415094339622,0.7924528301886793,0.2639150943396226,0.5943396226415094
low_respect,104,36,68,0,104,0.34615384615384615,0.6538461538461539,0.6538461538461539,0.3076923076923077,0.9903846153846154,0.5576923076923077,0.75,0.11538461538461539,0.5
