criterion,n,context_only_wins,graph_guided_wins,ties,decided,context_only_win_rate_all,graph_guided_win_rate_all,graph_guided_win_rate_decided,net_preference_graph_guided_minus_context_only
meaning_accuracy,467,46,159,262,205,0.09850107066381156,0.3404710920770878,0.775609756097561,0.24197002141327623
social_relationship,467,76,310,81,386,0.16274089935760172,0.6638115631691649,0.8031088082901554,0.5010706638115632
register_tone,467,105,341,21,446,0.22483940042826553,0.7301927194860813,0.7645739910313901,0.5053533190578159
fluency,467,88,235,144,323,0.18843683083511778,0.5032119914346895,0.7275541795665634,0.3147751605995717
