criterion,n,context_only_wins,relationship_only_wins,ties,decided,context_only_win_rate_all,relationship_only_win_rate_all,relationship_only_win_rate_decided,net_preference_relationship_only_minus_context_only
meaning_accuracy,230,25,64,141,89,0.10869565217391304,0.2782608695652174,0.7191011235955056,0.16956521739130434
social_relationship,230,50,130,50,180,0.21739130434782608,0.5652173913043478,0.7222222222222222,0.34782608695652173
register_tone,230,66,153,11,219,0.28695652173913044,0.6652173913043479,0.6986301369863014,0.3782608695652174
fluency,230,59,112,59,171,0.2565217391304348,0.48695652173913045,0.6549707602339181,0.23043478260869565
