final_respect_level,n,context_only_wins,social_labels_only_wins,ties,decided,context_only_win_rate_all,social_labels_only_win_rate_all,social_labels_only_win_rate_decided,net_preference_social_labels_only_minus_context_only,issue_focus_observed_rate,social_labels_only_win_rate_all_ci_low,social_labels_only_win_rate_all_ci_high,net_preference_social_labels_only_minus_context_only_ci_low,net_preference_social_labels_only_minus_context_only_ci_high
high_respect,58,19,39,0,58,0.3275862068965517,0.6724137931034483,0.6724137931034483,0.3448275862068966,1.0,0.5517241379310345,0.7931034482758621,0.10344827586206896,0.5862068965517241
neutral_respect,57,19,37,1,56,0.3333333333333333,0.6491228070175439,0.6607142857142857,0.3157894736842105,1.0,0.5263157894736842,0.7719298245614035,0.07017543859649122,0.5614035087719298
low_respect,35,9,25,1,34,0.2571428571428571,0.7142857142857143,0.7352941176470589,0.45714285714285713,1.0,0.5428571428571428,0.8571428571428571,0.14285714285714285,0.7142857142857143
