criterion,n,context_only_wins,social_labels_only_wins,ties,decided,context_only_win_rate_all,social_labels_only_win_rate_all,social_labels_only_win_rate_decided,net_preference_social_labels_only_minus_context_only
meaning_accuracy,150,13,38,99,51,0.08666666666666667,0.25333333333333335,0.7450980392156863,0.16666666666666666
social_relationship,150,33,91,26,124,0.22,0.6066666666666667,0.7338709677419355,0.38666666666666666
register_tone,150,46,100,4,146,0.30666666666666664,0.6666666666666666,0.684931506849315,0.36
fluency,150,39,56,55,95,0.26,0.37333333333333335,0.5894736842105263,0.11333333333333333
