final_power_dynamic,n,context_only_wins,social_labels_only_wins,ties,decided,context_only_win_rate_all,social_labels_only_win_rate_all,social_labels_only_win_rate_decided,net_preference_social_labels_only_minus_context_only,issue_focus_observed_rate,social_labels_only_win_rate_all_ci_low,social_labels_only_win_rate_all_ci_high,net_preference_social_labels_only_minus_context_only_ci_low,net_preference_social_labels_only_minus_context_only_ci_high
roughly_equal_power,58,18,40,0,58,0.3103448275862069,0.6896551724137931,0.6896551724137931,0.3793103448275862,1.0,0.5689655172413793,0.8103448275862069,0.13793103448275862,0.6206896551724138
speaker_higher_power,47,16,29,2,45,0.3404255319148936,0.6170212765957447,0.6444444444444445,0.2765957446808511,1.0,0.4888297872340426,0.7446808510638298,0.0,0.5319148936170213
listener_higher_power,45,13,32,0,45,0.28888888888888886,0.7111111111111111,0.7111111111111111,0.4222222222222222,1.0,0.5777777777777777,0.8444444444444444,0.15555555555555556,0.6888888888888889
